{"val_loss": [1.3064584770202636, 0.938539458656311, 1.0136116537094115, 0.7798031188964843, 0.7694085988044739, 0.7265665506362915, 0.659682024383545, 0.6603841956138611, 0.7163777598381043, 0.6931399234771729, 0.596529498052597, 0.5971804319381714, 0.6300368595123291, 0.59014938621521, 0.5893902227401734, 0.5821540349960327, 0.5840540516853332], "val_acc": [0.5586, 0.6781, 0.6435, 0.7267, 0.7358, 0.749, 0.7781, 0.7739, 0.7573, 0.7628, 0.7952, 0.7965, 0.7948, 0.8073, 0.8052, 0.8115, 0.8101], "loss": [1.6275573608779907, 1.1817961553955079, 0.9945096765899658, 0.8853767088508606, 0.8018769286346435, 0.7463224359893799, 0.6827731558799743, 0.6436323757171631, 0.5994388360214233, 0.560386251373291, 0.5314827697372436, 0.5045606329727172, 0.4735693388748169, 0.45380434913635254, 0.41798289585113524, 0.40556399753570554, 0.38283894701957705], "acc": [0.46056, 0.59462, 0.65634, 0.69278, 0.72132, 0.74154, 0.76234, 0.77498, 0.78974, 0.80324, 0.81326, 0.82166, 0.83316, 0.83852, 0.8538, 0.85522, 0.86268]}